id,timestamp,role,action,document_id,actor_id,user_id,target_id
1,2025-03-28T17:29:30,editor,unshared,5,11,11,12
2,2025-03-28T17:29:35,editor,role_changed,2,11,11,5
3,2025-03-28T17:29:38,owner,role_changed,11,2,5,7
4,2025-03-28T17:29:37,commenter,unshared,2,8,9,3
5,2025-03-28T17:29:34,editor,role_changed,8,6,2,3
6,2025-03-28T17:29:41,owner,unshared,9,9,1,8
7,2025-03-28T17:29:43,owner,role_changed,2,7,2,5
8,2025-03-28T17:29:53,commenter,shared,1,10,4,6
9,2025-03-28T17:29:47,commenter,shared,2,2,11,8
10,2025-03-28T17:29:59,owner,unshared,1,7,2,1
11,2025-03-28T17:29:40,owner,role_changed,7,3,5,7
12,2025-03-28T17:30:05,commenter,shared,6,3,7,12
13,2025-03-28T17:29:55,owner,role_changed,8,11,3,9
14,2025-03-28T17:29:43,owner,shared,11,3,8,4
15,2025-03-28T17:30:14,owner,unshared,1,1,10,1
16,2025-03-28T17:30:17,commenter,role_changed,11,7,5,6
17,2025-03-28T17:30:03,commenter,role_changed,3,1,4,8
18,2025-03-28T17:30:05,editor,unshared,6,3,4,10
19,2025-03-28T17:30:26,owner,unshared,5,10,3,7
20,2025-03-28T17:30:09,commenter,shared,8,3,9,12
21,2025-03-28T17:29:50,editor,role_changed,8,9,12,3
22,2025-03-28T17:30:13,owner,shared,8,11,2,9
23,2025-03-28T17:30:38,editor,role_changed,5,12,4,1
24,2025-03-28T17:29:53,editor,shared,8,11,7,11
25,2025-03-28T17:30:44,editor,role_changed,9,10,10,12
26,2025-03-28T17:30:21,commenter,unshared,7,3,12,11
27,2025-03-28T17:30:50,commenter,role_changed,9,5,7,12
28,2025-03-28T17:30:53,commenter,shared,2,7,4,7
29,2025-03-28T17:30:27,editor,unshared,11,2,5,12
30,2025-03-28T17:29:59,editor,shared,11,2,2,10
31,2025-03-28T17:30:31,owner,shared,7,12,6,8
32,2025-03-28T17:30:01,commenter,shared,5,3,3,12
33,2025-03-28T17:30:02,editor,shared,3,4,6,6
34,2025-03-28T17:30:37,owner,unshared,4,9,2,5
35,2025-03-28T17:30:39,commenter,role_changed,3,1,4,9
36,2025-03-28T17:30:41,owner,role_changed,2,6,6,9
37,2025-03-28T17:31:20,editor,unshared,6,10,9,5
38,2025-03-28T17:30:07,commenter,unshared,11,12,6,2
39,2025-03-28T17:30:08,commenter,role_changed,7,7,4,7
40,2025-03-28T17:30:49,owner,shared,9,3,5,8
41,2025-03-28T17:30:10,owner,unshared,3,7,4,4
42,2025-03-28T17:31:35,editor,shared,10,5,6,10
43,2025-03-28T17:31:38,editor,unshared,6,10,10,1
44,2025-03-28T17:31:41,owner,shared,2,10,12,10
45,2025-03-28T17:30:59,owner,role_changed,9,7,10,6
46,2025-03-28T17:31:01,owner,shared,5,6,3,6
47,2025-03-28T17:31:50,commenter,role_changed,4,7,1,8
48,2025-03-28T17:30:17,commenter,shared,8,9,3,12
49,2025-03-28T17:30:18,editor,unshared,2,12,7,7
50,2025-03-28T17:31:09,editor,role_changed,11,4,9,1
51,2025-03-28T17:30:20,editor,unshared,11,8,3,7
52,2025-03-28T17:30:21,editor,unshared,10,1,9,11
53,2025-03-28T17:31:15,editor,shared,9,1,2,3
54,2025-03-28T17:32:11,commenter,role_changed,1,5,5,4
55,2025-03-28T17:30:24,editor,shared,10,8,12,7
56,2025-03-28T17:30:25,owner,shared,5,2,12,4
57,2025-03-28T17:30:26,editor,role_changed,3,3,5,4
58,2025-03-28T17:30:27,editor,shared,9,3,7,1
59,2025-03-28T17:30:28,owner,unshared,11,11,1,10
60,2025-03-28T17:31:29,editor,role_changed,5,6,7,5
61,2025-03-28T17:31:31,owner,shared,3,11,4,8
62,2025-03-28T17:31:33,owner,unshared,3,12,2,4
63,2025-03-28T17:31:35,owner,role_changed,11,5,6,4
64,2025-03-28T17:32:41,commenter,shared,1,3,7,5
65,2025-03-28T17:31:39,editor,role_changed,8,7,11,10
66,2025-03-28T17:31:41,commenter,unshared,5,8,1,10
67,2025-03-28T17:30:36,commenter,shared,1,4,5,1
68,2025-03-28T17:30:37,owner,shared,2,4,12,8
69,2025-03-28T17:30:38,editor,unshared,3,11,11,7
70,2025-03-28T17:31:49,owner,unshared,9,10,2,12
71,2025-03-28T17:33:02,editor,shared,1,8,2,12
72,2025-03-28T17:30:41,editor,unshared,5,5,5,3
73,2025-03-28T17:33:08,editor,shared,11,1,10,9
74,2025-03-28T17:33:11,editor,unshared,11,1,2,2
75,2025-03-28T17:33:14,editor,role_changed,4,12,1,5
76,2025-03-28T17:30:45,commenter,role_changed,5,6,12,3
77,2025-03-28T17:32:03,commenter,shared,5,12,6,12
78,2025-03-28T17:30:47,commenter,unshared,8,8,3,9
79,2025-03-28T17:33:26,owner,role_changed,6,6,2,8
80,2025-03-28T17:32:09,owner,unshared,1,8,10,3
81,2025-03-28T17:30:50,editor,unshared,4,4,9,9
82,2025-03-28T17:32:13,editor,unshared,1,10,12,3
83,2025-03-28T17:30:52,editor,unshared,8,9,4,2
84,2025-03-28T17:32:17,owner,unshared,9,6,6,5
85,2025-03-28T17:30:54,commenter,role_changed,11,6,10,12
86,2025-03-28T17:32:21,owner,shared,10,4,7,12
87,2025-03-28T17:30:56,commenter,shared,5,6,3,10
88,2025-03-28T17:32:25,owner,role_changed,5,11,4,9
89,2025-03-28T17:33:56,owner,shared,11,7,7,3
90,2025-03-28T17:33:59,commenter,shared,8,7,4,9
91,2025-03-28T17:32:31,owner,shared,6,4,12,12
92,2025-03-28T17:31:01,owner,role_changed,9,5,4,12
93,2025-03-28T17:31:02,editor,unshared,2,1,4,3
94,2025-03-28T17:32:37,owner,role_changed,11,4,9,8
95,2025-03-28T17:34:14,owner,shared,11,7,11,2
96,2025-03-28T17:34:17,editor,unshared,6,7,10,7
97,2025-03-28T17:32:43,owner,unshared,5,11,6,9
98,2025-03-28T17:32:45,owner,shared,10,6,11,2
99,2025-03-28T17:32:47,owner,role_changed,2,5,4,2
100,2025-03-28T17:31:09,editor,role_changed,5,12,5,4
101,2025-03-28T17:32:51,editor,shared,5,3,2,7
102,2025-03-28T17:31:11,owner,role_changed,7,10,6,12
103,2025-03-28T17:34:38,editor,role_changed,6,8,8,5
104,2025-03-28T17:32:57,owner,role_changed,11,10,12,12
105,2025-03-28T17:32:59,commenter,shared,10,5,9,1
106,2025-03-28T17:31:15,editor,unshared,8,7,4,2
107,2025-03-28T17:33:03,commenter,role_changed,1,12,3,9
108,2025-03-28T17:34:53,commenter,role_changed,7,5,3,10
109,2025-03-28T17:34:56,owner,unshared,8,11,6,7
110,2025-03-28T17:31:19,commenter,role_changed,7,9,7,7
111,2025-03-28T17:35:02,owner,role_changed,2,5,7,10
112,2025-03-28T17:33:13,commenter,shared,6,5,12,6
113,2025-03-28T17:33:15,commenter,role_changed,1,8,5,1
114,2025-03-28T17:35:11,commenter,unshared,11,12,9,2
115,2025-03-28T17:35:14,editor,unshared,1,9,5,4
116,2025-03-28T17:33:21,editor,unshared,9,7,11,6
117,2025-03-28T17:31:26,commenter,role_changed,10,4,6,1
118,2025-03-28T17:33:25,owner,unshared,5,11,4,8
119,2025-03-28T17:31:28,owner,role_changed,3,1,12,2
120,2025-03-28T17:33:29,owner,shared,11,4,1,1
121,2025-03-28T17:33:31,editor,shared,1,8,4,11
122,2025-03-28T17:35:35,owner,shared,1,4,11,5
123,2025-03-28T17:31:32,editor,role_changed,2,8,8,1
124,2025-03-28T17:33:37,owner,unshared,11,11,1,5
125,2025-03-28T17:33:39,editor,shared,4,12,10,11
126,2025-03-28T17:35:47,owner,role_changed,9,8,11,7
127,2025-03-28T17:33:43,commenter,shared,1,5,12,11
128,2025-03-28T17:35:53,editor,unshared,3,7,2,2
129,2025-03-28T17:35:56,owner,unshared,6,7,8,7
130,2025-03-28T17:33:49,commenter,role_changed,11,4,8,12
131,2025-03-28T17:36:02,owner,shared,10,6,1,2
132,2025-03-28T17:31:41,owner,role_changed,4,7,7,10
133,2025-03-28T17:33:55,owner,role_changed,2,9,3,7
134,2025-03-28T17:36:11,editor,shared,4,5,8,1
135,2025-03-28T17:33:59,commenter,unshared,7,2,2,10
136,2025-03-28T17:31:45,owner,unshared,10,12,3,12
137,2025-03-28T17:34:03,editor,unshared,3,7,11,7
138,2025-03-28T17:31:47,editor,shared,8,8,9,7
139,2025-03-28T17:36:26,owner,unshared,9,12,3,11
140,2025-03-28T17:36:29,editor,role_changed,4,4,9,11
141,2025-03-28T17:34:11,commenter,unshared,8,1,4,3
142,2025-03-28T17:36:35,commenter,unshared,3,4,10,4
143,2025-03-28T17:31:52,editor,role_changed,11,10,9,6
144,2025-03-28T17:31:53,owner,role_changed,5,3,5,11
145,2025-03-28T17:34:19,owner,shared,10,2,6,11
146,2025-03-28T17:34:21,owner,role_changed,11,1,3,2
147,2025-03-28T17:34:23,editor,unshared,9,6,12,3
148,2025-03-28T17:31:57,owner,role_changed,8,10,9,5
149,2025-03-28T17:36:56,commenter,role_changed,11,12,11,7
150,2025-03-28T17:34:29,editor,shared,11,7,9,12
151,2025-03-28T17:37:02,commenter,shared,7,11,2,7
152,2025-03-28T17:32:01,editor,role_changed,4,1,11,3
153,2025-03-28T17:37:08,editor,role_changed,9,11,5,8
154,2025-03-28T17:32:03,owner,unshared,5,10,8,4
155,2025-03-28T17:32:04,owner,shared,4,2,9,9
156,2025-03-28T17:37:17,commenter,unshared,1,12,6,7
157,2025-03-28T17:32:06,commenter,unshared,2,6,12,2
158,2025-03-28T17:37:23,commenter,unshared,7,9,10,4
159,2025-03-28T17:32:08,owner,role_changed,8,3,10,10
160,2025-03-28T17:37:29,commenter,role_changed,6,3,7,3
161,2025-03-28T17:32:10,editor,shared,1,9,11,1
162,2025-03-28T17:37:35,commenter,role_changed,5,2,3,4
163,2025-03-28T17:34:55,editor,shared,10,4,1,8
164,2025-03-28T17:34:57,commenter,unshared,4,1,4,2
165,2025-03-28T17:32:14,commenter,shared,7,11,6,6
166,2025-03-28T17:35:01,owner,shared,8,7,12,4
167,2025-03-28T17:35:03,editor,role_changed,2,8,6,5
168,2025-03-28T17:37:53,owner,shared,3,5,4,11
169,2025-03-28T17:37:56,editor,unshared,1,7,1,3
170,2025-03-28T17:32:19,commenter,shared,5,3,2,3
171,2025-03-28T17:38:02,owner,unshared,2,4,1,4
172,2025-03-28T17:35:13,editor,role_changed,8,1,1,2
173,2025-03-28T17:35:15,commenter,role_changed,1,11,4,4
174,2025-03-28T17:32:23,owner,unshared,4,7,6,7
175,2025-03-28T17:38:14,owner,shared,10,9,9,6
176,2025-03-28T17:38:17,editor,unshared,1,10,2,12
177,2025-03-28T17:35:23,editor,unshared,7,2,10,2
178,2025-03-28T17:35:25,owner,shared,7,5,2,12
179,2025-03-28T17:35:27,owner,shared,8,8,10,6
180,2025-03-28T17:38:29,commenter,role_changed,3,2,8,4
181,2025-03-28T17:35:31,owner,unshared,1,5,8,8
182,2025-03-28T17:38:35,editor,unshared,5,7,11,2
183,2025-03-28T17:38:38,owner,unshared,11,10,5,4
184,2025-03-28T17:38:41,editor,role_changed,9,4,8,1
185,2025-03-28T17:32:34,editor,unshared,10,6,6,3
186,2025-03-28T17:35:41,editor,shared,4,3,1,7
187,2025-03-28T17:38:50,owner,unshared,3,9,8,10
188,2025-03-28T17:35:45,editor,unshared,11,5,8,8
189,2025-03-28T17:32:38,owner,shared,9,9,9,3
190,2025-03-28T17:38:59,owner,shared,11,1,6,1
191,2025-03-28T17:35:51,owner,shared,11,8,12,11
192,2025-03-28T17:32:41,editor,shared,5,12,10,2
193,2025-03-28T17:35:55,commenter,unshared,11,4,7,10
194,2025-03-28T17:39:11,editor,unshared,2,7,6,5
195,2025-03-28T17:32:44,owner,unshared,3,6,9,5
196,2025-03-28T17:36:01,commenter,unshared,4,4,10,11
197,2025-03-28T17:36:03,commenter,unshared,10,1,12,1
198,2025-03-28T17:32:47,editor,shared,1,12,1,1
199,2025-03-28T17:39:26,editor,shared,8,7,11,12
200,2025-03-28T17:32:49,owner,shared,3,7,7,4
201,2025-03-28T17:39:32,owner,unshared,5,6,1,7
202,2025-03-28T17:32:51,commenter,role_changed,10,12,3,3
203,2025-03-28T17:36:15,editor,unshared,2,1,10,3
204,2025-03-28T17:39:41,editor,shared,8,10,8,12
205,2025-03-28T17:36:19,editor,shared,11,1,4,3
206,2025-03-28T17:32:55,editor,role_changed,3,3,5,10
207,2025-03-28T17:32:56,owner,unshared,5,11,12,12
208,2025-03-28T17:39:53,commenter,role_changed,7,12,10,10
209,2025-03-28T17:32:58,owner,shared,4,9,4,8
210,2025-03-28T17:39:59,editor,unshared,4,11,6,10
211,2025-03-28T17:40:02,commenter,role_changed,4,1,1,12
212,2025-03-28T17:40:05,editor,shared,5,9,12,6
213,2025-03-28T17:33:02,editor,role_changed,11,2,7,2
214,2025-03-28T17:33:03,owner,unshared,1,8,9,6
215,2025-03-28T17:33:04,owner,shared,8,11,3,6
216,2025-03-28T17:36:41,commenter,unshared,7,5,9,11
217,2025-03-28T17:40:20,commenter,role_changed,3,8,4,4
218,2025-03-28T17:33:07,owner,role_changed,4,8,3,7
219,2025-03-28T17:40:26,commenter,shared,11,8,10,9
220,2025-03-28T17:36:49,commenter,unshared,2,12,8,10
221,2025-03-28T17:40:32,commenter,role_changed,11,12,1,6
222,2025-03-28T17:36:53,owner,shared,4,7,11,1
223,2025-03-28T17:40:38,owner,shared,5,8,10,5
224,2025-03-28T17:36:57,owner,shared,5,4,6,9
225,2025-03-28T17:36:59,commenter,unshared,3,11,6,12
226,2025-03-28T17:37:01,commenter,unshared,10,8,12,4
227,2025-03-28T17:37:03,editor,shared,7,5,8,7
228,2025-03-28T17:37:05,owner,unshared,6,1,5,10
229,2025-03-28T17:33:18,editor,unshared,7,12,3,7
230,2025-03-28T17:37:09,commenter,unshared,9,1,5,11
231,2025-03-28T17:41:02,owner,shared,4,3,7,3
232,2025-03-28T17:33:21,commenter,unshared,2,9,6,4
233,2025-03-28T17:41:08,owner,unshared,1,12,10,4
234,2025-03-28T17:33:23,commenter,shared,3,3,2,12
235,2025-03-28T17:37:19,editor,unshared,9,10,7,5
236,2025-03-28T17:41:17,owner,role_changed,1,1,2,1
237,2025-03-28T17:37:23,owner,role_changed,9,1,7,9
238,2025-03-28T17:33:27,owner,role_changed,7,3,10,5
239,2025-03-28T17:41:26,owner,role_changed,2,4,5,5
240,2025-03-28T17:37:29,editor,unshared,11,1,10,6
241,2025-03-28T17:41:32,commenter,unshared,11,6,1,5
242,2025-03-28T17:33:31,owner,shared,10,6,10,7
243,2025-03-28T17:33:32,editor,shared,5,12,12,1
244,2025-03-28T17:37:37,commenter,role_changed,11,2,9,7
245,2025-03-28T17:33:34,editor,unshared,5,8,6,3
246,2025-03-28T17:33:35,commenter,role_changed,1,5,10,8
247,2025-03-28T17:33:36,editor,unshared,2,5,9,4
248,2025-03-28T17:33:37,owner,unshared,3,6,4,6
249,2025-03-28T17:41:56,commenter,shared,10,8,8,7
250,2025-03-28T17:41:59,owner,role_changed,6,1,2,6
251,2025-03-28T17:37:51,owner,role_changed,8,9,4,8
252,2025-03-28T17:37:53,commenter,shared,11,9,11,6
253,2025-03-28T17:42:08,editor,unshared,11,5,10,2
254,2025-03-28T17:37:57,owner,role_changed,2,8,7,1
255,2025-03-28T17:37:59,editor,unshared,6,10,10,9
256,2025-03-28T17:33:45,editor,unshared,10,3,11,2
257,2025-03-28T17:33:46,commenter,unshared,7,12,10,12
258,2025-03-28T17:42:23,owner,shared,9,5,4,5
259,2025-03-28T17:33:48,owner,shared,8,4,9,11
260,2025-03-28T17:42:29,editor,shared,4,10,7,2
261,2025-03-28T17:42:32,owner,shared,2,3,5,7
262,2025-03-28T17:38:13,editor,unshared,3,9,7,10
263,2025-03-28T17:33:52,commenter,shared,6,5,1,9
264,2025-03-28T17:42:41,editor,unshared,7,10,1,7
265,2025-03-28T17:42:44,commenter,shared,10,10,6,12
266,2025-03-28T17:42:47,commenter,role_changed,4,4,5,10
267,2025-03-28T17:33:56,owner,shared,8,6,12,10
268,2025-03-28T17:38:25,owner,unshared,5,2,10,9
269,2025-03-28T17:33:58,editor,shared,7,4,3,9
270,2025-03-28T17:42:59,editor,unshared,4,8,7,7
271,2025-03-28T17:43:02,commenter,unshared,3,9,11,12
272,2025-03-28T17:38:33,commenter,shared,9,5,7,9
273,2025-03-28T17:38:35,editor,role_changed,9,7,1,2
274,2025-03-28T17:34:03,commenter,unshared,10,9,5,3
275,2025-03-28T17:34:04,editor,shared,11,4,7,2
276,2025-03-28T17:38:41,owner,role_changed,6,6,6,9
277,2025-03-28T17:38:43,owner,shared,5,6,7,7
278,2025-03-28T17:38:45,owner,unshared,3,4,12,2
279,2025-03-28T17:43:26,commenter,unshared,2,4,12,1
280,2025-03-28T17:34:09,editor,shared,7,11,2,12
281,2025-03-28T17:43:32,editor,role_changed,5,7,7,2
282,2025-03-28T17:38:53,owner,role_changed,11,11,6,10
283,2025-03-28T17:38:55,commenter,role_changed,5,11,3,9
284,2025-03-28T17:43:41,commenter,shared,9,8,11,2
285,2025-03-28T17:43:44,editor,shared,10,3,9,3
286,2025-03-28T17:39:01,owner,role_changed,10,5,1,9
287,2025-03-28T17:39:03,owner,unshared,4,5,3,9
288,2025-03-28T17:39:05,editor,shared,3,10,6,7
289,2025-03-28T17:39:07,editor,unshared,3,11,7,6
290,2025-03-28T17:34:19,editor,role_changed,3,4,12,12
291,2025-03-28T17:34:20,editor,role_changed,2,10,2,2
292,2025-03-28T17:44:05,editor,unshared,6,10,10,5
293,2025-03-28T17:39:15,owner,shared,7,9,5,2
294,2025-03-28T17:44:11,editor,shared,1,11,4,1
295,2025-03-28T17:34:24,editor,unshared,9,10,7,12
296,2025-03-28T17:39:21,commenter,shared,8,9,5,7
297,2025-03-28T17:34:26,owner,unshared,8,6,2,4
298,2025-03-28T17:34:27,owner,shared,1,3,11,9
299,2025-03-28T17:39:27,owner,role_changed,3,2,3,4
300,2025-03-28T17:39:29,commenter,shared,8,4,3,8
301,2025-03-28T17:34:30,owner,shared,8,12,5,11
302,2025-03-28T17:34:31,commenter,unshared,8,1,1,4
303,2025-03-28T17:39:35,owner,unshared,7,9,8,9
304,2025-03-28T17:39:37,commenter,unshared,8,10,10,7
305,2025-03-28T17:39:39,commenter,role_changed,2,8,8,1
306,2025-03-28T17:44:47,editor,role_changed,10,7,11,10
307,2025-03-28T17:44:50,owner,role_changed,3,1,2,2
308,2025-03-28T17:34:37,editor,unshared,8,9,8,2
309,2025-03-28T17:34:38,editor,shared,4,10,12,12
310,2025-03-28T17:34:39,owner,role_changed,2,3,4,4
311,2025-03-28T17:34:40,editor,shared,11,3,11,11
312,2025-03-28T17:45:05,editor,role_changed,11,3,5,5
313,2025-03-28T17:34:42,owner,unshared,1,11,11,4
314,2025-03-28T17:34:43,editor,shared,10,2,1,9
315,2025-03-28T17:34:44,owner,role_changed,11,12,11,4
316,2025-03-28T17:34:45,owner,unshared,10,5,10,10
317,2025-03-28T17:34:46,owner,role_changed,5,11,8,2
318,2025-03-28T17:40:05,editor,role_changed,4,9,4,1
319,2025-03-28T17:34:48,commenter,role_changed,4,12,5,7
320,2025-03-28T17:34:49,owner,role_changed,1,2,4,2
321,2025-03-28T17:34:50,owner,shared,10,10,2,12
322,2025-03-28T17:45:35,editor,role_changed,10,3,6,3
323,2025-03-28T17:40:15,owner,unshared,7,6,6,7
324,2025-03-28T17:40:17,commenter,role_changed,11,2,6,8
325,2025-03-28T17:34:54,editor,role_changed,5,10,4,7
326,2025-03-28T17:34:55,owner,shared,10,2,2,6
327,2025-03-28T17:34:56,commenter,role_changed,10,11,7,3
328,2025-03-28T17:45:53,owner,unshared,4,11,4,3
329,2025-03-28T17:45:56,commenter,role_changed,8,12,12,11
330,2025-03-28T17:45:59,owner,unshared,10,6,5,2
331,2025-03-28T17:35:00,editor,shared,3,11,10,7
332,2025-03-28T17:35:01,owner,unshared,7,3,1,12
333,2025-03-28T17:46:08,owner,shared,4,5,7,3
334,2025-03-28T17:40:37,editor,unshared,5,6,7,6
335,2025-03-28T17:40:39,commenter,role_changed,6,5,8,10
336,2025-03-28T17:46:17,editor,unshared,8,10,3,11
337,2025-03-28T17:35:06,editor,role_changed,9,12,11,5
338,2025-03-28T17:35:07,owner,shared,7,12,1,5
339,2025-03-28T17:46:26,commenter,unshared,8,11,6,6
340,2025-03-28T17:35:09,editor,shared,2,12,5,11
341,2025-03-28T17:40:51,owner,shared,2,6,6,9
342,2025-03-28T17:46:35,owner,role_changed,5,5,12,2
343,2025-03-28T17:35:12,commenter,role_changed,5,7,9,9
344,2025-03-28T17:46:41,owner,unshared,5,7,3,4
345,2025-03-28T17:35:14,editor,shared,5,1,6,11
346,2025-03-28T17:41:01,owner,shared,8,6,4,1
347,2025-03-28T17:35:16,editor,unshared,11,12,1,12
348,2025-03-28T17:41:05,commenter,shared,1,10,5,1
349,2025-03-28T17:46:56,commenter,role_changed,10,10,10,2
350,2025-03-28T17:35:19,owner,role_changed,1,12,6,8
351,2025-03-28T17:41:11,commenter,role_changed,7,3,6,5
352,2025-03-28T17:41:13,commenter,shared,9,3,11,12
353,2025-03-28T17:35:22,owner,shared,11,1,4,12
354,2025-03-28T17:47:11,owner,shared,1,1,2,11
355,2025-03-28T17:41:19,owner,role_changed,10,9,5,9
356,2025-03-28T17:47:17,commenter,unshared,10,3,2,1
357,2025-03-28T17:41:23,owner,role_changed,3,1,6,2
358,2025-03-28T17:47:23,editor,shared,1,5,11,4
359,2025-03-28T17:35:28,editor,shared,3,2,12,9
360,2025-03-28T17:47:29,editor,shared,9,11,1,5
361,2025-03-28T17:47:32,commenter,unshared,10,6,8,11
362,2025-03-28T17:41:33,owner,role_changed,10,2,2,8
363,2025-03-28T17:47:38,owner,unshared,5,8,2,5
364,2025-03-28T17:41:37,editor,shared,11,2,12,11
365,2025-03-28T17:47:44,owner,shared,7,1,7,3
366,2025-03-28T17:35:35,owner,shared,3,2,7,11
367,2025-03-28T17:35:36,commenter,role_changed,1,5,1,11
368,2025-03-28T17:41:45,editor,unshared,11,12,7,12
369,2025-03-28T17:47:56,editor,unshared,6,3,3,7
370,2025-03-28T17:47:59,editor,role_changed,1,12,10,8
371,2025-03-28T17:48:02,commenter,shared,4,9,12,1
372,2025-03-28T17:48:05,commenter,role_changed,7,11,11,10
373,2025-03-28T17:35:42,owner,shared,2,7,2,6
374,2025-03-28T17:41:57,editor,role_changed,7,3,1,9
375,2025-03-28T17:41:59,owner,shared,10,5,6,5
376,2025-03-28T17:42:01,commenter,shared,4,9,10,8
377,2025-03-28T17:48:20,commenter,unshared,3,3,1,2
378,2025-03-28T17:35:47,commenter,unshared,1,1,7,12
379,2025-03-28T17:48:26,owner,role_changed,8,4,7,1
380,2025-03-28T17:48:29,commenter,role_changed,1,11,7,3
381,2025-03-28T17:42:11,commenter,role_changed,7,7,2,10
382,2025-03-28T17:35:51,owner,unshared,5,1,1,1
383,2025-03-28T17:35:52,editor,shared,6,7,12,7
384,2025-03-28T17:35:53,editor,shared,3,4,11,5
385,2025-03-28T17:42:19,commenter,unshared,2,5,12,7
386,2025-03-28T17:35:55,editor,role_changed,10,5,7,6
387,2025-03-28T17:35:56,editor,role_changed,3,1,2,1
388,2025-03-28T17:48:53,editor,unshared,11,9,12,1
389,2025-03-28T17:35:58,owner,role_changed,6,9,1,9
390,2025-03-28T17:48:59,commenter,unshared,3,12,8,4
391,2025-03-28T17:49:02,editor,role_changed,5,12,6,11
392,2025-03-28T17:36:01,editor,unshared,3,2,11,5
393,2025-03-28T17:42:35,commenter,role_changed,7,1,11,12
394,2025-03-28T17:49:11,commenter,unshared,7,2,11,11
395,2025-03-28T17:36:04,owner,shared,1,12,6,2
396,2025-03-28T17:49:17,commenter,shared,5,6,8,9
397,2025-03-28T17:42:43,editor,role_changed,3,5,11,4
398,2025-03-28T17:36:07,editor,shared,4,3,10,2
399,2025-03-28T17:42:47,commenter,shared,5,6,4,2
400,2025-03-28T17:49:29,commenter,role_changed,5,8,11,3
401,2025-03-28T17:36:10,owner,unshared,8,4,1,8
402,2025-03-28T17:42:53,editor,role_changed,9,12,4,5
403,2025-03-28T17:42:55,editor,unshared,9,4,11,9
404,2025-03-28T17:36:13,owner,unshared,9,10,11,9
405,2025-03-28T17:49:44,commenter,role_changed,8,8,10,9
406,2025-03-28T17:36:15,owner,shared,2,9,7,3
407,2025-03-28T17:49:50,owner,role_changed,8,12,10,8
408,2025-03-28T17:36:17,owner,unshared,11,5,7,4
409,2025-03-28T17:36:18,commenter,shared,1,12,2,11
410,2025-03-28T17:43:09,editor,role_changed,2,10,4,4
411,2025-03-28T17:50:02,owner,shared,8,4,7,5
412,2025-03-28T17:43:13,editor,shared,3,6,4,10
413,2025-03-28T17:43:15,editor,shared,8,11,1,1
414,2025-03-28T17:36:23,editor,unshared,7,2,2,4
415,2025-03-28T17:50:14,commenter,shared,10,10,2,5
416,2025-03-28T17:43:21,owner,shared,9,2,7,5
417,2025-03-28T17:50:20,owner,shared,4,11,10,3
418,2025-03-28T17:36:27,commenter,unshared,3,1,3,1
419,2025-03-28T17:50:26,owner,role_changed,10,2,7,6
420,2025-03-28T17:36:29,commenter,unshared,4,9,3,3
421,2025-03-28T17:50:32,commenter,unshared,11,11,4,2
422,2025-03-28T17:50:35,owner,unshared,2,5,12,4
423,2025-03-28T17:36:32,editor,role_changed,5,2,9,3
424,2025-03-28T17:50:41,owner,unshared,2,11,4,5
425,2025-03-28T17:43:39,owner,role_changed,8,10,3,7
426,2025-03-28T17:36:35,commenter,role_changed,1,1,8,8
427,2025-03-28T17:43:43,editor,unshared,1,8,10,5
428,2025-03-28T17:43:45,editor,unshared,8,8,6,6
429,2025-03-28T17:43:47,commenter,unshared,4,10,6,12
430,2025-03-28T17:43:49,commenter,unshared,3,12,3,2
431,2025-03-28T17:36:40,editor,role_changed,4,4,10,11
432,2025-03-28T17:43:53,owner,shared,7,7,8,11
433,2025-03-28T17:43:55,commenter,role_changed,9,8,9,11
434,2025-03-28T17:51:11,editor,shared,8,4,2,4
435,2025-03-28T17:51:14,editor,unshared,9,11,5,5
436,2025-03-28T17:51:17,commenter,shared,5,6,11,10
437,2025-03-28T17:51:20,commenter,unshared,5,11,10,10
438,2025-03-28T17:44:05,editor,shared,9,3,3,8
439,2025-03-28T17:36:48,commenter,shared,1,3,4,7
440,2025-03-28T17:51:29,owner,unshared,10,7,7,8
441,2025-03-28T17:36:50,editor,role_changed,11,12,8,9
442,2025-03-28T17:44:13,owner,role_changed,7,4,5,9
443,2025-03-28T17:44:15,editor,role_changed,9,8,1,9
444,2025-03-28T17:44:17,owner,role_changed,11,9,2,9
445,2025-03-28T17:36:54,owner,unshared,10,9,8,1
446,2025-03-28T17:36:55,editor,shared,11,1,3,7
447,2025-03-28T17:51:50,commenter,shared,1,3,4,11
448,2025-03-28T17:36:57,commenter,shared,11,11,10,12
449,2025-03-28T17:51:56,owner,shared,2,3,2,2
450,2025-03-28T17:51:59,commenter,shared,5,1,6,10
451,2025-03-28T17:37:00,owner,unshared,3,3,8,3
452,2025-03-28T17:37:01,commenter,role_changed,4,12,8,5
453,2025-03-28T17:52:08,owner,shared,11,5,8,11
454,2025-03-28T17:37:03,commenter,unshared,1,7,7,10
455,2025-03-28T17:44:39,owner,unshared,11,5,2,4
456,2025-03-28T17:44:41,owner,unshared,5,1,11,11
457,2025-03-28T17:44:43,commenter,shared,4,5,3,9
458,2025-03-28T17:52:23,editor,role_changed,5,3,4,11
459,2025-03-28T17:37:08,editor,shared,1,8,5,6
460,2025-03-28T17:52:29,commenter,unshared,5,2,4,6
461,2025-03-28T17:52:32,owner,unshared,4,8,7,12
462,2025-03-28T17:44:53,owner,unshared,3,8,12,6
463,2025-03-28T17:52:38,commenter,unshared,1,3,1,10
464,2025-03-28T17:37:13,owner,shared,11,4,8,1
465,2025-03-28T17:44:59,commenter,role_changed,1,9,2,2
466,2025-03-28T17:37:15,commenter,role_changed,9,11,9,6
467,2025-03-28T17:45:03,owner,unshared,6,3,3,7
468,2025-03-28T17:37:17,owner,role_changed,9,10,3,4
469,2025-03-28T17:37:18,owner,shared,7,3,10,4
470,2025-03-28T17:45:09,owner,shared,10,2,3,11
471,2025-03-28T17:53:02,owner,unshared,4,10,5,5
472,2025-03-28T17:53:05,editor,unshared,8,5,9,12
473,2025-03-28T17:45:15,commenter,unshared,10,9,5,5
474,2025-03-28T17:37:23,owner,shared,5,6,3,7
475,2025-03-28T17:37:24,owner,role_changed,9,10,10,7
476,2025-03-28T17:45:21,editor,shared,3,2,6,11
477,2025-03-28T17:37:26,editor,unshared,8,9,6,6
478,2025-03-28T17:45:25,commenter,role_changed,2,1,4,12
479,2025-03-28T17:37:28,owner,shared,8,9,7,4
480,2025-03-28T17:37:29,editor,role_changed,5,6,9,3
481,2025-03-28T17:37:30,commenter,shared,2,8,6,12
482,2025-03-28T17:53:35,editor,unshared,8,5,6,5
483,2025-03-28T17:45:35,commenter,shared,9,8,11,11
484,2025-03-28T17:53:41,editor,shared,3,7,7,10
485,2025-03-28T17:53:44,owner,role_changed,7,9,9,2
486,2025-03-28T17:53:47,commenter,role_changed,6,11,10,1
487,2025-03-28T17:45:43,editor,unshared,10,12,5,7
488,2025-03-28T17:45:45,commenter,role_changed,8,8,3,10
489,2025-03-28T17:45:47,commenter,unshared,9,6,1,9
490,2025-03-28T17:37:39,commenter,shared,5,6,9,1
491,2025-03-28T17:54:02,owner,shared,2,4,12,12
492,2025-03-28T17:54:05,editor,role_changed,5,10,10,11
493,2025-03-28T17:54:08,owner,role_changed,6,7,10,1
494,2025-03-28T17:37:43,editor,shared,10,1,8,12
495,2025-03-28T17:37:44,owner,shared,11,6,5,11
496,2025-03-28T17:46:01,editor,role_changed,5,6,4,9
497,2025-03-28T17:54:20,owner,shared,8,8,7,10
498,2025-03-28T17:46:05,editor,shared,11,7,10,3
499,2025-03-28T17:54:26,editor,unshared,3,2,12,8
500,2025-03-28T17:54:29,commenter,role_changed,9,6,11,9
